<?xml version="1.0" encoding="UTF-8"?>
<metadata>
	<idinfo>
		<citation>
			<citeinfo>
				<origin>U.S. Geological Survey or another mapping agency in cooperation with USGS.</origin>
				<onlink>http://www.dnr.sc.gov/gis</onlink>
				<pubdate>REQUIRED: The date when the data set is published or otherwise made available for release.</pubdate><title Sync="TRUE">sef_nwi_landuse_Clip</title><ftname Sync="TRUE">sef_nwi_landuse_Clip</ftname><geoform Sync="TRUE">vector digital data</geoform></citeinfo>
		</citation>
		<descript>
			<abstract>NWI digital data files are records of wetlands location and classification as defined by the U.S. Fish &amp; Wildlife Service. This dataset is one of a series available in 7.5 minute by 7.5 minute blocks containing ground planimetric coordinates of wetlands point, line, and area features and wetlands attributes. When completed, the series will provide coverage for all of the contiguous United States, Hawaii, Alaska, and U.S. protectorates in the Pacific and Caribbean. The digital data as well as the hardcopy maps that were used as the source for the digital data are produced and distributed by the U.S. Fish &amp; Wildlife Service's National Wetlands Inventory project.</abstract>
			<purpose>The data provide consultants, planners, and resource managers with information on wetland location and type. The data were collected to meet U.S. Fish &amp; Wildlife Service's mandate to map the wetland and deepwater habitats of the United States.</purpose>
			<supplinf>URL:  http://www.dnr.sc.gov/gis</supplinf>
			<langdata Sync="TRUE">en</langdata></descript>
		<status>
			<progress>Complete</progress>
			<update>Irregular</update>
		</status>
		<keywords>
			<theme><themekt>Wetlands</themekt><themekey>Wetlands</themekey><themekey>National Wetland Inventory</themekey><themekey>Anderson Level II</themekey><themekey>Biota/Bilogy</themekey><themekey>ISO Topic Category 002</themekey><themekey>Anderson Level II</themekey><themekey>uplands</themekey><themekey>Cowardin</themekey><themekey>NWI</themekey><themekey>landcover, landuse</themekey></theme>
			<place><placekt>SC</placekt><placekey>BETHERA Topo Quad</placekey><placekey>County - Berkeley</placekey><placekey>COASTAL PLAIN Province</placekey><placekey>Ashley Water Basin</placekey><placekey>South Carolina</placekey><placekey>United States</placekey></place></keywords>
		<accconst>None.</accconst>
		<useconst>Federal, State, and local regulatory agencies with jurisdiction over wetlands may define and describe wetlands in a different manner than that used in this inventory. There is no attempt, in either the design or products of this inventory, to define the limits of proprietary jurisdiction of any Federal, State, or local government or to establish the geographical scope of the regulatory programs of government agencies. Persons intending to engage in activities involving modifications within or adjacent to wetland areas should seek the advice of appropriate Federal, State, or local agencies concerning specified agency regulatory programs and proprietary jurisdictions that may affect such activities.</useconst>
		<ptcontac>
			<cntinfo>
				<cntorgp>
					<cntorg>South Carolina Department of Natural Resources</cntorg>
					<cntper>Mr. Jim Scurry</cntper>
				</cntorgp>
				<cntpos>Technology Development Program Director</cntpos>
				<cntaddr>
					<addrtype>mailing and physical address</addrtype>
					<address>1000 Assembly Street </address>
					<city>Columbia</city>
					<state>South Carolina</state>
					<postal>29201</postal>
					<country>United States</country>
				</cntaddr>
				<cntvoice>(803) 734-9494</cntvoice>
				<cntfax>(803) 734-7001</cntfax>
				<cntemail>scurryj@dnr.sc.gov</cntemail>
				<hours>8:30 am - 5:30 pm</hours>
				<cntinst>In addition to this contact, further information may be obtained from the South Carolina Department of Natural Resources GIS web pages at URL:  http://www.dnr.sc.gov/gis</cntinst>
			</cntinfo>
		</ptcontac>
		<datacred>None. Acknowledgement of the U.S. Geological Survey and the South Carolina Department of Natural Resources would be appreciated in products derived from these data.</datacred>
		<native>NWI uses Wetlands Analytical Mapping System (WAMS) software version 4.06 running under the SUNOS 4.x operating system to digitize wetlands information.</native>
		<timeperd><current>REQUIRED: The basis on which the time period of content information is determined.</current><timeinfo><sngdate><caldate>REQUIRED: The year (and optionally month, or month and day) for which the data set corresponds to the ground.</caldate></sngdate></timeinfo></timeperd><spdom><bounding><westbc Sync="TRUE">-79.842833</westbc><eastbc Sync="TRUE">-79.749150</eastbc><northbc Sync="TRUE">33.195772</northbc><southbc Sync="TRUE">33.124287</southbc></bounding><lboundng><leftbc Sync="TRUE">607947.787758</leftbc><rightbc Sync="TRUE">616595.424063</rightbc><bottombc Sync="TRUE">3665760.498841</bottombc><topbc Sync="TRUE">3673587.901062</topbc></lboundng></spdom><natvform Sync="TRUE">Shapefile</natvform></idinfo>
	<dataqual>
		<posacc>
			<horizpa>
				<horizpar>Horizontal positional accuracy for the digital data is tested by visual comparison of the source with hard copy plots.</horizpar>
			</horizpa>
			<vertacc></vertacc>
		</posacc>
		<lineage>
			<srcinfo>
				<srccite>
					<citeinfo>
						<origin>U.S. Geological Survey or another mapping agency in cooperation with USGS.</origin>
						<pubdate>Unknown</pubdate>
						<pubtime>Unknown</pubtime>
						<title>The Topographic Names Database designation for the source quadrangle.</title>
						<geoform>map</geoform>
						<pubinfo>
							<pubplace>Reston, Virginia</pubplace>
							<publish>U.S. Geological Survey</publish>
						</pubinfo>
					</citeinfo>
				</srccite>
				<srcscale>24000</srcscale>
				<typesrc>stable-base material</typesrc>
				<srctime>
					<srccurr>publication date</srccurr>
				</srctime>
				<srccitea>map</srccitea>
				<srccontr>spatial and attribute information</srccontr>
			</srcinfo>
			<srcinfo>
				<srccite>
					<citeinfo>
						<origin>U.S. Fish &amp; Wildlife Service, National Wetlands Inventory</origin>
						<title>National Wetlands Inventory</title>
						<serinfo>
							<sername>National Wetlands Inventory</sername>
						</serinfo>
						<pubinfo>
							<pubplace>St.Petersburg, Florida</pubplace>
							<publish>U.S. Fish &amp; Wildlife Service, National Wetlands Inventory</publish>
						</pubinfo>
					</citeinfo>
				</srccite>
				<srcscale>24000</srcscale>
				<typesrc>stable-base material</typesrc>
				<srccitea>NWI3</srccitea>
				<srccontr>wetlands location and classification</srccontr>
			</srcinfo>
			<procstep>
				<procdesc>Edgematching:  During the edgematching process alternating quads were brought into Arc Edit as edit coverages. Using the NRIMA 7.5 minute reference guide, only alternating, or hatched quads were selected as edit coverages in an attempt to prevent migration of features. Surrounding quads were brought up as back coverages, and arcs or polygons that traversed quad boundaries were edgematched with a degree of error of less than .5 meter. Any arc on the edit coverage that approached the quad boundary but did not have a corresponding arc on the back coverage was given an error code of Ea00, referring to an arc feature not continued over a quad boundary with no correction made. All edit coverage arcs that were moved to align with back coverage arcs with a measure of error of less than .5 meter were coded as either Ed12 or Eb12 in the edgenote item. Ed12 being the code given to arcs that were off by more than .5 meter but less than 15 meters. Eb12 was the code given to arcs that were off by more than 15 meters. The direction in which the arc was moved to be closer to the corresponding back coverage arc was noted in the mdir item field, and the distance between the edit coverage arc and the corresponding back coverage arc was recorded in the mdist item field.</procdesc>
				<proccont>
					<cntinfo>
						<cntorgp>
							<cntorg>South Carolina Department of Natural Resources</cntorg>
							<cntper>Mr. Jim Scurry</cntper>
						</cntorgp>
						<cntpos>Technology Development Program</cntpos>
						<cntaddr>
							<addrtype>mailing and physical address</addrtype>
							<address>1000 Assembly Street</address>
							<city>Columbia</city>
							<state>South Carolina</state>
							<postal>29201</postal>
							<country>United States</country>
						</cntaddr>
						<cntvoice>(803) 734-9494</cntvoice>
						<cntfax>(803) 734-7001</cntfax>
						<cntemail>scurryj@dnr.sc.gov</cntemail>
						<hours>8:30 am - 5:30 pm</hours>
						<cntinst>In addition to this contact, further information may be obtained from the South Carolina Department of Natural Resources GIS web pages at URL:  http://www.dnr.sc.gov/gis</cntinst>
					</cntinfo>
				</proccont>
			</procstep>
			<procstep>
				<procdesc>Attribute:  During the attributing phase of data development, feature attribute values are compared to a source map specific to the data layer. These maps include 1:24,000 USGS 7.5 minute topographic maps,USF&amp;WS NWI Wetlands maps, NRCS County Soil Survey maps, and General Highway maps. Edits are then executed based on comparisons of the digital data to these source maps.</procdesc>
				<proccont>
					<cntinfo>
						<cntorgp>
							<cntorg>South Carolina Department of Natural Resources</cntorg>
							<cntper>Mr. Jim Scurry</cntper>
						</cntorgp>
						<cntpos>Technology Development Program Director</cntpos>
						<cntaddr>
							<addrtype>mailing and physical address</addrtype>
							<address>1000 Assembly Street</address>
							<city>Columbia</city>
							<state>South Carolina</state>
							<postal>29201</postal>
							<country>United States</country>
						</cntaddr>
						<cntvoice>(803) 734-9494</cntvoice>
						<cntfax>(803) 734-7001</cntfax>
						<cntemail>scurryj@dnr.sc.gov</cntemail>
						<hours>8:30 am - 5:30 pm</hours>
						<cntinst>In addition to this contact, further information may be obtained from the South Carolina Department of Natural Resources GIS web pages at URL:  http://www.dnr.sc.gov/gis</cntinst>
					</cntinfo>
				</proccont>
			</procstep>
			<procstep>
				<procdesc>Quality Review - Phase I: During the 1st quality control and quality analysis phase, feature attribute values are examined internal to the coverage and across quad boundaries using custom AML's, frequencies, and visual checks in ArcEdit. Topological errors are corrected to insure a successful mapjoin at the end of this process step.</procdesc>
				<proccont>
					<cntinfo>
						<cntorgp>
							<cntorg>South Carolina Department of Natural Resources</cntorg>
							<cntper>Mr. Jim Scurry</cntper>
						</cntorgp>
						<cntpos>Technology Development Program Director</cntpos>
						<cntaddr>
							<addrtype>mailing and physical address</addrtype>
							<address>1000 Assembly Street</address>
							<city>Columbia</city>
							<state>South Carolina</state>
							<postal>29201</postal>
							<country>United States</country>
						</cntaddr>
						<cntvoice>(803) 734-9494</cntvoice>
						<cntfax>(803) 734-7001</cntfax>
						<cntemail>scurryj@dnr.sc.gov</cntemail>
						<hours>8:30 am - 5:30 pm</hours>
						<cntinst>In addition to this contact, further information may be obtained from the South Carolina Department of Natural Resources GIS web pages at URL:  http://www.dnr.sc.gov/gis</cntinst>
					</cntinfo>
				</proccont>
			</procstep>
			<procstep>
				<procdesc>Quality Review Secondary Phase:  During the 2nd quality control and quality analysis phase, feature attribute values are again examined internal to the coverage and across quad boundaries using custom AML's, frequencies, and visual checks in ArcEdit. These checks are performed by a second tier database developer. Topological errors are corrected to insure a successful mapjoin at the end of this process step.</procdesc>
				<proccont>
					<cntinfo>
						<cntorgp>
							<cntorg>South Carolina Department of Natural Resources</cntorg>
							<cntper>Mr. Jim Scurry</cntper>
						</cntorgp>
						<cntpos>Technology Development Program Director</cntpos>
						<cntaddr>
							<addrtype>mailing and physical address</addrtype>
							<address>1000 Assembly Street </address>
							<city>Columbia</city>
							<state>South Carolina</state>
							<postal>29201</postal>
							<country>United States</country>
						</cntaddr>
						<cntvoice>(803) 734-9494</cntvoice>
						<cntfax>(803) 734-7001</cntfax>
						<cntemail>scurryj@dnr.sc.gov</cntemail>
						<hours>8:30 am - 5:30 pm</hours>
						<cntinst>In addition to this contact, further information may be obtained from the South Carolina Department of Natural Resources GIS web pages at URL:  http://www.dnr.sc.gov/gis</cntinst>
					</cntinfo>
				</proccont>
			</procstep>
			<procstep>
				<procdesc>Quality Review - Final Phase:  The tertiary quality review process is the final QA phase and consists of thorough reviews of the data layer. These inspections are aimed at identifying any remaining errors and inconsistencies in the data. The process involves running a series of Arc/Info macros (AMLs), the first of which logs all errors and recommends corrections. The attributes of each feature (arc and polygon) are compared to a master attribute list and any discrepancies and omissions are logged. All features are then reattributed and then all quads are mapjoined and mismatches in attributes across quadrangle boundaries are identified, tagged, inspected and corrected if necessary. Frequencies are then run on items of the .aat and .pat (when necessary) to identify any remaining features which have not been attributed. Finally, random manual quadrangle spot checks are performed and corrections made when necessary. All coverages are then exported (COMPRESS=FULL) and placed on the public web server for dissemination.</procdesc>
				<proccont>
					<cntinfo>
						<cntorgp>
							<cntorg>South Carolina Department of Natural Resources</cntorg>
							<cntper>Mr. Jim Scurry </cntper>
						</cntorgp>
						<cntpos>Technology Development Program Director</cntpos>
						<cntaddr>
							<addrtype>mailing and physical address</addrtype>
							<address>1000 Assembly Street</address>
							<city>Columbia</city>
							<state>South Carolina</state>
							<postal>29201</postal>
							<country>United States</country>
						</cntaddr>
						<cntvoice>(803) 734-9494</cntvoice>
						<cntfax>(803) 734-7001</cntfax>
						<cntemail>scurryj@dnr.sc.gov</cntemail>
						<hours>8:30 am - 5:30 pm</hours>
						<cntinst>In addition to this contact, further information may be obtained from the South Carolina Department of Natural Resources GIS web pages at URL:  http://www.dnr.sc.gov/gis</cntinst>
					</cntinfo>
				</proccont>
			</procstep>
			<procstep>
				<procdesc>NWI maps are compiled through manual photointerpretation ( using Cartgraphic Engineering 4X Mirror Stereoscopes) of NHAP or NAPP aerial photography supplemented by Soil Surveys and field checking of wetland photo signatures. Delineated wetland boundaries are manually transferred from interpreted photos to USGS 7.5 minute topographic quadrangle maps and then manually labelled. Quality control steps occur throughout the photointerpretation, map compilation, and map reproduction processes.</procdesc>
				<srcused Sync="TRUE">\\scdnradmin\data\gisdata\work\data\dnr\metadata\DLG_template</srcused>
				<srcprod>NWI1</srcprod>
				<srcprod>NWI2</srcprod>
				<date Sync="TRUE">20070815</date>
				<time Sync="TRUE">12011400</time>
			</procstep>
			<procstep>
				<procdesc>Digital wetlands data are either manually digitized or scanned from stable-base copies of the 1:24,000 scale wetlands overlays registered to the standard U.S. Geological Survey (USGS) 7.5 minute quadrangles into topologically correct data files using Wetlands Analytical Mapping System (WAMS) software. Files contain ground planimetric coordinates and wetland attributes. The quadrangles were referenced to the North American Datum of 1927 (NAD27) horizontal datum. The scanning process captured the digital data at a scanning resolution of at least 0.001 inches; the resulting raster data were vectorized and then attributed on an interactive editing station. Manual digitizing used a digitizing table to capture the digital data at a resolution of at least 0.005 inches; attribution was performed as the data were digitized. The determination of scanning versus manual digitizing production method was based on feature density, source map quality, feature symbology, and availability of production systems. The data were checked for position by comparing plots of the digital data to the source material.</procdesc>
				<srcprod>NWI3</srcprod>
				<proccont>
					<cntinfo>
						<cntperp>
							<cntper>Mr. Jim Scurry</cntper>
							<cntorg>South Carolina Department of Natural Resources</cntorg>
						</cntperp>
						<cntpos>Technology Development Program Director</cntpos>
						<cntaddr>
							<addrtype>mailing and physical address</addrtype>
							<address>1000 Assembly Street</address>
							<city>Columbia</city>
							<state>South Carolina</state>
							<postal>29201</postal>
							<country>United States</country>
						</cntaddr>
						<cntvoice>(803) 734-9494</cntvoice>
						<cntfax>(803) 734-7001</cntfax>
						<cntemail>scurryj@dnr.sc.gov</cntemail>
						<hours>8:30 am - 5:30 pm</hours>
						<cntinst>In addition to this contact, further information may be obtained from the South Carolina Department of Natural Resources GIS Data Clearinghouse at:  http://www.dnr.sc.gov</cntinst>
					</cntinfo>
				</proccont>
			</procstep>
			<procstep><procdesc Sync="TRUE">Metadata imported.</procdesc><srcused Sync="TRUE">C:\DOCUME~1\GilliamH\LOCALS~1\Temp\xml1289.tmp</srcused><date Sync="TRUE">20070815</date><time Sync="TRUE">12591600</time></procstep><procstep><procdesc Sync="TRUE">Dataset moved.</procdesc><srcused Sync="TRUE">e:\forest_service_data\download\beth_nwi</srcused><date Sync="TRUE">20070827</date><time Sync="TRUE">14363300</time></procstep><procstep><procdesc Sync="TRUE">Dataset copied.</procdesc><srcused Sync="TRUE"></srcused><date Sync="TRUE">20070919</date><time Sync="TRUE">16453200</time></procstep><procstep><procdesc Sync="TRUE">Dataset copied.</procdesc><srcused Sync="TRUE"></srcused><date Sync="TRUE">20070919</date><time Sync="TRUE">16475600</time></procstep><procstep><procdesc Sync="TRUE">Dataset moved.</procdesc><srcused Sync="TRUE">C:\forest_service\sef\transfer\qaqc_data\sef_nwi_landuse</srcused><date Sync="TRUE">20070927</date><time Sync="TRUE">10524300</time></procstep></lineage>
	</dataqual>
	<spdoinfo>
		<direct>Vector</direct>
		<ptvctinf><esriterm Name="sef_nwi_landuse_Clip"><efeatyp Sync="TRUE">Simple</efeatyp><efeageom Sync="TRUE">Polygon</efeageom><esritopo Sync="TRUE">FALSE</esritopo><efeacnt Sync="TRUE">0</efeacnt><spindex Sync="TRUE">FALSE</spindex><linrefer Sync="TRUE">FALSE</linrefer></esriterm><sdtsterm Name="sef_nwi_landuse_Clip"><sdtstype Sync="TRUE">G-polygon</sdtstype><ptvctcnt Sync="TRUE">0</ptvctcnt></sdtsterm><esriterm Name="label"><efeatyp Sync="TRUE">Simple</efeatyp><efeageom Sync="TRUE">Label</efeageom><esritopo Sync="TRUE">FALSE</esritopo><efeacnt Sync="TRUE">1891</efeacnt><spindex Sync="TRUE">FALSE</spindex><linrefer Sync="TRUE">FALSE</linrefer></esriterm><sdtsterm Name="label"><sdtstype Sync="TRUE">Label point</sdtstype><ptvctcnt Sync="TRUE">1891</ptvctcnt></sdtsterm><esriterm Name="polygon"><efeatyp Sync="TRUE">Simple</efeatyp><efeageom Sync="TRUE">Polygon</efeageom><esritopo Sync="TRUE">TRUE</esritopo><efeacnt Sync="TRUE">1891</efeacnt><spindex Sync="TRUE">FALSE</spindex><linrefer Sync="TRUE">FALSE</linrefer></esriterm><sdtsterm Name="polygon"><sdtstype Sync="TRUE">GT-polygon composed of chains</sdtstype><ptvctcnt Sync="TRUE">1891</ptvctcnt></sdtsterm><esriterm Name="tic"><efeatyp Sync="TRUE">Simple</efeatyp><efeageom Sync="TRUE">Tic</efeageom><esritopo Sync="TRUE">FALSE</esritopo><efeacnt Sync="TRUE">12</efeacnt><spindex Sync="TRUE">FALSE</spindex><linrefer Sync="TRUE">FALSE</linrefer></esriterm><sdtsterm Name="tic"><sdtstype Sync="TRUE">Point</sdtstype><ptvctcnt Sync="TRUE">12</ptvctcnt></sdtsterm></ptvctinf></spdoinfo>
	<eainfo>
		<overview>
			<eaover>
The wetland classification system is hierarchical, with wetlands and deepwater habitats divided among five major systems at the broadest level. The five systems include Marine (open ocean and associated coastline), Estuarine (salt marshes and brackish tidal water), Riverine (rivers, creeks, and streams), Lacustrine (lakes and deep ponds), and Palustrine (shallow ponds, marshes, swamps, sloughs). Systems are further subdivided into subsystems which reflect hydrologic conditions. Below the subsystem is the class which describes the appearance of the wetland in terms of vegetation or substrate. Each class is further subdivided into subclasses; vegetated subclasses are described in terms of life form and substrate subclasses in terms of composition. The classification system also includes modifiers to describe hydrology (water regime), soils, water chemistry (pH, salinity), and special modifiers relating to man's activities (e.g., impounded, partly drained).
</eaover>
			<eadetcit>Cowardin, L.M., V. Carter, F. Golet, and E. LaRoe. 1979. Classification of wetlands and deepwater habitats of the United States. U.S. Fish Wildlife Service. 103 pp.</eadetcit>
			<dsoverv>Wetlands are lands transitional between terrestrial and aquatic systems where the water table is usually at or near the surface or the land is covered by shallow water. For purposes of this classification wetlands must have one or more of the following three attributes: 1) at least periodically, the land supports predominantly hydrophytes; 2) the substrate is predominantly undrained hydric soil; and 3) the substrate is non-soil and is saturated with water or covered by shallow water at some time during the growing season of each year.</dsoverv>
		</overview>
		<detailed Name="sef_nwi_landuse_Clip"><attr><attrlabl Sync="TRUE">FID</attrlabl><attalias Sync="TRUE">FID</attalias><attrtype Sync="TRUE">OID</attrtype><attwidth Sync="TRUE">4</attwidth><atprecis Sync="TRUE">0</atprecis><attscale Sync="TRUE">0</attscale><attrdef Sync="TRUE">Internal feature number.</attrdef><attrdefs Sync="TRUE">ESRI</attrdefs><attrdomv><udom Sync="TRUE">Sequential unique whole numbers that are automatically generated.</udom></attrdomv></attr><attr><attrlabl Sync="TRUE">NWIMAJOR1</attrlabl><attwidth Sync="TRUE">6</attwidth><atoutwid Sync="TRUE">6</atoutwid><attrtype Sync="TRUE">Integer</attrtype></attr><attr><attrlabl Sync="TRUE">NWIMINOR1</attrlabl><attwidth Sync="TRUE">19</attwidth><atoutwid Sync="TRUE">6</atoutwid><attrtype Sync="TRUE">Number</attrtype></attr><attr><attrlabl Sync="TRUE">NWICODE</attrlabl><attwidth Sync="TRUE">19</attwidth><atoutwid Sync="TRUE">20</atoutwid><attrtype Sync="TRUE">Number</attrtype></attr><attr><attrlabl Sync="TRUE">AREA</attrlabl><attalias Sync="TRUE">AREA</attalias><attrtype Sync="TRUE">Number</attrtype><attwidth Sync="TRUE">9</attwidth></attr><attr><attrlabl Sync="TRUE">PERIMETER</attrlabl><attalias Sync="TRUE">PERIMETER</attalias><attrtype Sync="TRUE">Number</attrtype><attwidth Sync="TRUE">9</attwidth></attr><enttyp><enttypl Sync="TRUE">sef_nwi_landuse_Clip</enttypl><enttypt Sync="TRUE">Feature Class</enttypt><enttypc Sync="TRUE">0</enttypc></enttyp><attr><attrlabl Sync="TRUE">BETH_NWI_</attrlabl><attalias Sync="TRUE">BETH_NWI_</attalias><attrtype Sync="TRUE">Number</attrtype><attwidth Sync="TRUE">6</attwidth></attr><attr><attrlabl Sync="TRUE">Shape</attrlabl><attalias Sync="TRUE">Shape</attalias><attrtype Sync="TRUE">Number</attrtype><attwidth Sync="TRUE">6</attwidth><attrdef Sync="TRUE">Feature geometry.</attrdef><attrdefs Sync="TRUE">ESRI</attrdefs><attrdomv><udom Sync="TRUE">Coordinates defining the features.</udom></attrdomv></attr><attr><attrlabl Sync="TRUE">BETH_NWI_I</attrlabl><attalias Sync="TRUE">BETH_NWI_I</attalias><attrtype Sync="TRUE">String</attrtype><attwidth Sync="TRUE">20</attwidth></attr><attr><attrlabl Sync="TRUE">LUCODE</attrlabl><attalias Sync="TRUE">LUCODE</attalias><attrtype Sync="TRUE">String</attrtype><attwidth Sync="TRUE">4</attwidth></attr><attr><attrlabl Sync="TRUE">LANDUSE</attrlabl><attalias Sync="TRUE">LANDUSE</attalias><attrtype Sync="TRUE">String</attrtype><attwidth Sync="TRUE">35</attwidth></attr></detailed><detailed Name="beth_nwi.pat"><enttyp><enttypl Sync="TRUE">beth_nwi.pat</enttypl><enttypt Sync="TRUE">Feature Class</enttypt><enttypc Sync="TRUE">1891</enttypc></enttyp><attr><attrlabl Sync="TRUE">FID</attrlabl><attalias Sync="TRUE">FID</attalias><attrtype Sync="TRUE">OID</attrtype><attwidth Sync="TRUE">4</attwidth><atprecis Sync="TRUE">0</atprecis><attscale Sync="TRUE">0</attscale><attrdef Sync="TRUE">Internal feature number.</attrdef><attrdefs Sync="TRUE">ESRI</attrdefs><attrdomv><udom Sync="TRUE">Sequential unique whole numbers that are automatically generated.</udom></attrdomv></attr><attr><attrlabl Sync="TRUE">Shape</attrlabl><attalias Sync="TRUE">Shape</attalias><attrtype Sync="TRUE">Geometry</attrtype><attwidth Sync="TRUE">0</attwidth><atprecis Sync="TRUE">0</atprecis><attscale Sync="TRUE">0</attscale><attrdef Sync="TRUE">Feature geometry.</attrdef><attrdefs Sync="TRUE">ESRI</attrdefs><attrdomv><udom Sync="TRUE">Coordinates defining the features.</udom></attrdomv></attr><attr><attrlabl Sync="TRUE">AREA</attrlabl><attwidth Sync="TRUE">19</attwidth><atoutwid Sync="TRUE">18</atoutwid><attrtype Sync="TRUE">Number</attrtype><atnumdec Sync="TRUE">11</atnumdec><attrdef Sync="TRUE">Area of feature in internal units squared.</attrdef><attrdefs Sync="TRUE">ESRI</attrdefs><attrdomv><udom Sync="TRUE">Positive real numbers that are automatically generated.</udom></attrdomv></attr><attr><attrlabl Sync="TRUE">PERIMETER</attrlabl><attwidth Sync="TRUE">19</attwidth><atoutwid Sync="TRUE">18</atoutwid><attrtype Sync="TRUE">Number</attrtype><atnumdec Sync="TRUE">11</atnumdec><attrdef Sync="TRUE">Perimeter of feature in internal units.</attrdef><attrdefs Sync="TRUE">ESRI</attrdefs><attrdomv><udom Sync="TRUE">Positive real numbers that are automatically generated.</udom></attrdomv></attr><attr><attrlabl Sync="TRUE">BETH_NWI#</attrlabl><attwidth Sync="TRUE">9</attwidth><atoutwid Sync="TRUE">5</atoutwid><attrtype Sync="TRUE">Number</attrtype><attrdef Sync="TRUE">Internal feature number.</attrdef><attrdefs Sync="TRUE">ESRI</attrdefs><attrdomv><udom Sync="TRUE">Sequential unique whole numbers that are automatically generated.</udom></attrdomv></attr><attr><attrlabl Sync="TRUE">BETH_NWI-ID</attrlabl><attwidth Sync="TRUE">9</attwidth><atoutwid Sync="TRUE">5</atoutwid><attrtype Sync="TRUE">Number</attrtype><attrdef Sync="TRUE">User-defined feature number.</attrdef><attrdefs Sync="TRUE">ESRI</attrdefs></attr><attr><attrlabl Sync="TRUE">NWIMAJOR1</attrlabl><attwidth Sync="TRUE">6</attwidth><atoutwid Sync="TRUE">6</atoutwid><attrtype Sync="TRUE">Number</attrtype></attr><attr><attrlabl Sync="TRUE">NWIMINOR1</attrlabl><attwidth Sync="TRUE">6</attwidth><atoutwid Sync="TRUE">6</atoutwid><attrtype Sync="TRUE">Number</attrtype></attr><attr><attrlabl Sync="TRUE">NWICODE</attrlabl><attwidth Sync="TRUE">20</attwidth><atoutwid Sync="TRUE">20</atoutwid><attrtype Sync="TRUE">String</attrtype></attr><attr><attrlabl Sync="TRUE">LUCODE</attrlabl><attwidth Sync="TRUE">4</attwidth><atoutwid Sync="TRUE">4</atoutwid><attrtype Sync="TRUE">String</attrtype></attr><attr><attrlabl Sync="TRUE">LANDUSE</attrlabl><attwidth Sync="TRUE">35</attwidth><atoutwid Sync="TRUE">35</atoutwid><attrtype Sync="TRUE">String</attrtype></attr></detailed></eainfo>
	<distinfo>
		<stdorder>
			<fees>No cost when downloaded from SCDNR website</fees>
			<ordering>Free-of-charge when downloaded from the South Carolina Department of Natural Resources GIS Data Clearinghouse</ordering>
			<digform><digtinfo><transize Sync="TRUE">0.000</transize><dssize Sync="TRUE">0.000</dssize></digtinfo></digform></stdorder>
		<custom>None.</custom>
		<techpreq>GIS or compatible software.</techpreq>
		<resdesc Sync="TRUE">Downloadable Data</resdesc></distinfo>
	<metainfo>
		<metd Sync="TRUE">20070927</metd>
		<metc>
			<cntinfo>
				<cntorgp>
					<cntorg>South Carolina Department of Natural Resources</cntorg>
					<cntper>Mr. Jim Scurry</cntper>
				</cntorgp>
				<cntpos>Technology Development Program</cntpos>
				<cntaddr>
					<addrtype>mailing and physical address</addrtype>
					<address>1000 Assembly Street</address>
					<city>Columbia</city>
					<state>South Carolina</state>
					<postal>29201</postal>
					<country>United States</country>
				</cntaddr>
				<cntvoice>(803) 734-9494</cntvoice>
				<cntfax>(803) 734-7001</cntfax>
				<cntemail>scurryj@dnr.sc.gov</cntemail>
				<hours>8:30 - 5:30 pm</hours>
			</cntinfo>
		</metc>
		<langmeta Sync="TRUE">en</langmeta><metstdn Sync="TRUE">FGDC Content Standards for Digital Geospatial Metadata</metstdn><metstdv Sync="TRUE">FGDC-STD-001-1998</metstdv><mettc Sync="TRUE">local time</mettc><metextns><onlink Sync="TRUE">http://www.esri.com/metadata/esriprof80.html</onlink><metprof Sync="TRUE">ESRI Metadata Profile</metprof></metextns></metainfo>
	<distInfo>
		<distributor>
			<distorTran>
				<onLineSrc>
					<linkage Sync="TRUE">file://\\GEOL7QZ1JD1\C$\forest_service\sef\data\shapefiles\sef_nwi_landuse_Clip.shp</linkage>
					<protocol Sync="TRUE">Local Area Network</protocol>
					<orDesc Sync="TRUE">002</orDesc></onLineSrc>
				<transSize Sync="TRUE">0.000</transSize></distorTran>
			<distorFormat><formatName Sync="TRUE">Shapefile</formatName></distorFormat></distributor>
	</distInfo>
	<Esri>
		<ModDate>20070927</ModDate>
		<ModTime>11090200</ModTime>
		<SyncOnce>FALSE</SyncOnce>
		<CreaDate>20070919</CreaDate>
		<CreaTime>16475600</CreaTime>
		<SyncDate>20070927</SyncDate><SyncTime>11090200</SyncTime><DataProperties><lineage><Process Name="Clip_1" ToolSource="C:\Program Files\ArcGIS\ArcToolbox\Toolboxes\Analysis Tools.tbx\Clip" Date="20070919" Time="164632">Clip nwi_poly the_clipper E:\Forest_Service_Data\qaqc_data\sef_nwi_landuse.shp #</Process><Process Name="Project_1" ToolSource="C:\Program Files\ArcGIS\ArcToolbox\Toolboxes\Data Management Tools.tbx\Project" Date="20070919" Time="164756">Project E:\Forest_Service_Data\qaqc_data\sef_nwi_landuse.shp E:\Forest_Service_Data\qaqc_data\sef_nwi_landuse_Project.shp PROJCS['NAD_1983_UTM_Zone_17N',GEOGCS['GCS_North_American_1983',DATUM['D_North_American_1983',SPHEROID['GRS_1980',6378137.0,298.257222101]],PRIMEM['Greenwich',0.0],UNIT['Degree',0.0174532925199433]],PROJECTION['Transverse_Mercator'],PARAMETER['False_Easting',500000.0],PARAMETER['False_Northing',0.0],PARAMETER['Central_Meridian',-81.0],PARAMETER['Scale_Factor',0.9996],PARAMETER['Latitude_Of_Origin',0.0],UNIT['Meter',1.0]] NAD_1927_To_NAD_1983_NADCON</Process><Process Name="Clip_3" ToolSource="C:\Program Files (x86)\ArcGIS\ArcToolbox\Toolboxes\Analysis Tools.tbx\Clip" Date="20070927" Time="110903">Clip sef_nwi_landuse sef_boundary_100ft C:\forest_service\sef\data\shapefiles\sef_nwi_landuse_Clip.shp #</Process></lineage></DataProperties><MetaID>{92CC3C8A-0150-4D42-91A2-4AA50F01AD6B}</MetaID></Esri>
	<mdDateSt Sync="TRUE">20070927</mdDateSt>
	<dataIdInfo><envirDesc Sync="TRUE">Microsoft Windows 2000 Version 5.2 (Build 3790) Service Pack 2; ESRI ArcCatalog 9.2.0.1324</envirDesc><dataLang><languageCode Sync="TRUE" value="en"></languageCode></dataLang><idCitation><resTitle Sync="TRUE">sef_nwi_landuse_Clip</resTitle><presForm><PresFormCd Sync="TRUE" value="005"></PresFormCd></presForm></idCitation><spatRpType><SpatRepTypCd Sync="TRUE" value="001"></SpatRepTypCd></spatRpType><dataExt><geoEle><GeoBndBox esriExtentType="native"><westBL Sync="TRUE">607947.787758</westBL><eastBL Sync="TRUE">616595.424063</eastBL><northBL Sync="TRUE">3673587.901062</northBL><southBL Sync="TRUE">3665760.498841</southBL><exTypeCode Sync="TRUE">1</exTypeCode></GeoBndBox></geoEle></dataExt><geoBox esriExtentType="decdegrees"><westBL Sync="TRUE">-79.842833</westBL><eastBL Sync="TRUE">-79.74915</eastBL><northBL Sync="TRUE">33.195772</northBL><southBL Sync="TRUE">33.124287</southBL><exTypeCode Sync="TRUE">1</exTypeCode></geoBox></dataIdInfo><mdLang><languageCode Sync="TRUE" value="en"></languageCode></mdLang><mdStanName Sync="TRUE">ISO 19115 Geographic Information - Metadata</mdStanName><mdStanVer Sync="TRUE">DIS_ESRI1.0</mdStanVer><mdChar><CharSetCd Sync="TRUE" value="004"></CharSetCd></mdChar><mdHrLv><ScopeCd Sync="TRUE" value="005"></ScopeCd></mdHrLv><mdHrLvName Sync="TRUE">dataset</mdHrLvName><spref><horizsys><cordsysn><geogcsn Sync="TRUE">GCS_North_American_1983</geogcsn><projcsn Sync="TRUE">NAD_1983_UTM_Zone_17N</projcsn></cordsysn><planar><planci><plance Sync="TRUE">coordinate pair</plance><plandu Sync="TRUE">meters</plandu><coordrep><absres Sync="TRUE">0.000000</absres><ordres Sync="TRUE">0.000000</ordres></coordrep></planci><gridsys><gridsysn Sync="TRUE">Universal Transverse Mercator</gridsysn><utm><utmzone Sync="TRUE">17</utmzone><transmer><sfctrmer Sync="TRUE">0.999600</sfctrmer><longcm Sync="TRUE">-81.000000</longcm><latprjo Sync="TRUE">0.000000</latprjo><feast Sync="TRUE">500000.000000</feast><fnorth Sync="TRUE">0.000000</fnorth></transmer></utm></gridsys></planar><geodetic><horizdn Sync="TRUE">North American Datum of 1983</horizdn><ellips Sync="TRUE">Geodetic Reference System 80</ellips><semiaxis Sync="TRUE">6378137.000000</semiaxis><denflat Sync="TRUE">298.257222</denflat></geodetic></horizsys></spref><refSysInfo><RefSystem><refSysID><identCode Sync="TRUE">NAD_1983_UTM_Zone_17N</identCode></refSysID></RefSystem></refSysInfo><spatRepInfo><VectSpatRep><topLvl><TopoLevCd Sync="TRUE" value="001"></TopoLevCd></topLvl><geometObjs Name="sef_nwi_landuse_Clip"><geoObjTyp><GeoObjTypCd Sync="TRUE" value="001"></GeoObjTypCd></geoObjTyp><geoObjCnt Sync="TRUE">0</geoObjCnt></geometObjs></VectSpatRep></spatRepInfo></metadata>
