<?xml version="1.0"?>
<!--<!DOCTYPE metadata SYSTEM "http://www.esri.com/metadata/esriprof80.dtd">-->
<metadata xml:lang="en"><Esri><CreaDate>20070919</CreaDate><CreaTime>17335000</CreaTime><SyncOnce>TRUE</SyncOnce><MetaID>{373A90E9-5290-4C9F-B554-1F8390A5E92F}</MetaID></Esri><idinfo><citation><citeinfo><onlink Sync="TRUE">\\GEOL7QZ1JD1\C$\forest_service\sef\data\shapefiles\sef_trails</onlink></citeinfo></citation></idinfo><distInfo><distributor><distorTran><onLineSrc><linkage Sync="TRUE">file://\\GEOL7QZ1JD1\C$\forest_service\sef\data\shapefiles\sef_trails</linkage><protocol Sync="TRUE">Local Area Network</protocol></onLineSrc></distorTran></distributor></distInfo><dataqual><lineage><procstep><procdesc Sync="TRUE">Dataset copied.</procdesc><srcused Sync="TRUE">E:\Forest_Service_Data\robins\nad83\trails_83</srcused><date Sync="TRUE">20070919</date><time Sync="TRUE">17335000</time></procstep><procstep><procdesc Sync="TRUE">Dataset moved.</procdesc><srcused Sync="TRUE">C:\forest_service\sef\transfer\qaqc_data\sef_trails</srcused><date Sync="TRUE">20070927</date><time Sync="TRUE">10525400</time></procstep></lineage></dataqual></metadata>
