<?xml version="1.0" encoding="UTF-8"?>
<metadata>
	<idinfo>
		<citation>
			<citeinfo>
				<origin>U.S. Geological Survey or another mapping agency in cooperation with USGS.</origin>
				<onlink>http://www.dnr.sc.gov/gis</onlink>
				<pubdate>REQUIRED: The date when the data set is published or otherwise made available for release.</pubdate><title Sync="TRUE">bethe48for</title><ftname Sync="TRUE">bethe48for</ftname><geoform Sync="TRUE">vector digital data</geoform></citeinfo>
		</citation>
		<descript>
			<abstract>Digital line graph (DLG) are digital representations of cartographic information. DLG's of map features are converted to digital form from maps and related sources. Large-scale DLG data are derived from USGS 1:20,000-, 1:24,000-, and 1:25,000-scale 7.5-minute topographic quadrangle maps. Large-scale DLG data are available in nine categories: (1) hypsography, (2) hydrography, (3) vegetative surface cover, (4) non-vegetative features, (5) boundaries, (6) survey control and markers, (7) transportation, (8) manmade features, (9) Public Land Survey System. All DLG data distributed by the USGS are DLG - Level 3 (DLG-3), which means the data contain a full range of attribute codes, have full topological structuring, and have passed certain quality-control checks.</abstract>
			<purpose>DLG's depict information about geographic features on or near the surface of the Earth, terrain, and political and administrative units. These data were collected as part of the National Mapping Program.</purpose>
			<supplinf>URL:  http://www.dnr.sc.gov/gis</supplinf>
			<langdata Sync="TRUE">en</langdata></descript>
		<status>
			<progress>Complete</progress>
			<update>Irregular</update>
		</status>
		<keywords>
			<theme><themekt>Forests</themekt><themekey>Forest</themekey><themekey>Biota/Biology</themekey><themekey>ISO Topic Category 002</themekey><themekey>DLG</themekey><themekey>Digital Line Graph</themekey></theme>
			<place><placekt>SC</placekt><placekey>BETHERA Topo Quad</placekey><placekey>County - Berkeley</placekey><placekey>COASTAL PLAIN Province</placekey><placekey>Ashley Water Basin</placekey><placekey>South Carolina</placekey><placekey>United States</placekey></place></keywords>
		<accconst>None.</accconst>
		<useconst>Neither the State of South Carolina, the Department of Natural Resources, nor any of its employees, is responsible for any improper or incorrect use of the information described and/or contained herein, and  assume no responsibility for the use of the information.</useconst>
		<ptcontac>
			<cntinfo>
				<cntorgp>
					<cntorg>South Carolina Department of Natural Resources</cntorg>
					<cntper>Mr. Jim Scurry</cntper>
				</cntorgp>
				<cntpos>Technology Development Program Director</cntpos>
				<cntaddr>
					<addrtype>mailing and physical address</addrtype>
					<address>1000 Assembly Street </address>
					<city>Columbia</city>
					<state>South Carolina</state>
					<postal>29201</postal>
					<country>United States</country>
				</cntaddr>
				<cntvoice>(803) 734-9494</cntvoice>
				<cntfax>(803) 734-7001</cntfax>
				<cntemail>scurryj@dnr.sc.gov</cntemail>
				<hours>8:30 am - 5:30 pm</hours>
				<cntinst>In addition to this contact, further information may be obtained from the South Carolina Department of Natural Resources GIS web pages at URL:  http://www.dnr.sc.gov/gis</cntinst>
			</cntinfo>
		</ptcontac>
		<datacred>None. Acknowledgement of the U.S. Geological Survey and the South Carolina Department of Natural Resources would be appreciated in products derived from these data.</datacred>
		<native>ESRI ArcInfo version 7.2; ESRI ArcGIS v9.2</native>
		<timeperd><current>REQUIRED: The basis on which the time period of content information is determined.</current><timeinfo><sngdate><caldate>REQUIRED: The year (and optionally month, or month and day) for which the data set corresponds to the ground.</caldate></sngdate></timeinfo></timeperd><spdom><bounding><westbc Sync="TRUE">-79.876594</westbc><eastbc Sync="TRUE">-79.748223</eastbc><northbc Sync="TRUE">33.251193</northbc><southbc Sync="TRUE">33.123807</southbc></bounding><lboundng><leftbc Sync="TRUE">604800.650000</leftbc><rightbc Sync="TRUE">616611.240000</rightbc><bottombc Sync="TRUE">3665515.980000</bottombc><topbc Sync="TRUE">3679506.990000</topbc></lboundng></spdom><natvform Sync="TRUE">ArcInfo Coverage</natvform></idinfo>
	<dataqual>
		<logic>
Topological requirements include: lines must begin and end at nodes, lines must connect to each other at nodes, lines do not extend through nodes, left and right areas are defined for each line element and are consistent throughout the file, and the lines representing the limits of the file (neatline) are free of gaps.

The tests of logical consistency were performed by the USGS PROSYS program. The neatline was generated by connecting the four corners of the digital file, as established during initialization of the digital file. All data outside the enclosed region were ignored and all data crossing these geographically straight lines were clipped at the neatline. Data within a specified tolerance of the neatline were snapped to the neatline. Neatline straightening aligned the digitized edges of the digital data with the generated neatline, that is, with the longitude/latitude lines in geographic coordinates. All internal areas were tested for closure using PROSYS.
</logic>
		<complete>
For Digital Revision Status = Not revised
Data completeness reflects the content of the source quadrangle. Features may have been eliminated or generalized on the source graphic, due to scale and legibility constraints.

For Digital Revision Status = Limited Update
This file has undergone limited update digital revision. The file contains only (1) those features that are photoidentifiable on monoscopic source, supplemented with limited ancillary source, and (2) those features, present on the original source quadrangle, that can not be reliably photoidentified but that are not considered particularly prone to change.

For Digital Revision Status = Standard Update
This file has undergone standard update digital revision. The data completeness of this file meets NMD standards for feature content.
</complete>
		<posacc>
			<horizpa>
				<horizpar>For Digital Revision Status = Not revised:</horizpar>
			</horizpa>
			<vertacc>
				<vertaccr>For Hypsography, Hydrography and Survey Control and Markers Only: For Digital Revision Status = Not revised:</vertaccr>
			</vertacc>
		</posacc>
		<lineage>
			<srcinfo>
				<srccite>
					<citeinfo>
						<origin>U.S. Geological Survey or another mapping agency in cooperation with USGS.</origin>
						<pubdate>Unknown</pubdate>
						<pubtime>Unknown</pubtime>
						<title>The Topographic Names Database designation for the source quadrangle.</title>
						<geoform>map</geoform>
						<pubinfo>
							<pubplace>Reston, Virginia</pubplace>
							<publish>U.S. Geological Survey</publish>
						</pubinfo>
					</citeinfo>
				</srccite>
				<srcscale>24000</srcscale>
				<typesrc>stable-base material</typesrc>
				<srctime>
					<srccurr>publication date</srccurr>
				</srctime>
				<srccitea>MAP1</srccitea>
				<srccontr>spatial and attribute information</srccontr>
			</srcinfo>
			<srcinfo>
				<srccite>
					<citeinfo>
						<origin>U.S. Geological Survey or another mapping agency in cooperation with USGS.</origin>
						<pubdate>Unknown</pubdate>
						<pubtime>Unknown</pubtime>
						<title>1:12,000 Digital Orthophoto Quadrangle Series</title>
						<geoform>remote-sensing image</geoform>
						<pubinfo>
							<pubplace>Reston, Virginia</pubplace>
							<publish>U.S. Geological Survey</publish>
						</pubinfo>
					</citeinfo>
				</srccite>
				<srcscale>1:12,000 Digital Orthophoto Quadrangle Series</srcscale>
				<typesrc>magnetic tape</typesrc>
				<srccitea>DOQ1</srccitea>
				<srccontr>Provides locational and attribute information for photoidentifiable features during revision.</srccontr>
			</srcinfo>
			<procstep>
				<procdesc>Edgematching:  During the edgematching process alternating quads were brought into Arc Edit as edit coverages. Using the NRIMA 7.5 minute reference guide, only alternating, or hatched quads were selected as edit coverages in an attempt to prevent migration of features. Surrounding quads were brought up as back coverages, and arcs or polygons that traversed quad boundaries were edgematched with a degree of error of less than .5 meter. Any arc on the edit coverage that approached the quad boundary but did not have a corresponding arc on the back coverage was given an error code of Ea00, referring to an arc feature not continued over a quad boundary with no correction made. All edit coverage arcs that were moved to align with back coverage arcs with a measure of error of less than .5 meter were coded as either Ed12 or Eb12 in the edgenote item. Ed12 being the code given to arcs that were off by more than .5 meter but less than 15 meters. Eb12 was the code given to arcs that were off by more than 15 meters. The direction in which the arc was moved to be closer to the corresponding back coverage arc was noted in the mdir item field, and the distance between the edit coverage arc and the corresponding back coverage arc was recorded in the mdist item field.</procdesc>
				<proccont>
					<cntinfo>
						<cntorgp>
							<cntorg>South Carolina Department of Natural Resources</cntorg>
							<cntper>Mr. Jim Scurry</cntper>
						</cntorgp>
						<cntpos>Technology Development Program</cntpos>
						<cntaddr>
							<addrtype>mailing and physical address</addrtype>
							<address>1000 Assembly Street</address>
							<city>Columbia</city>
							<state>South Carolina</state>
							<postal>29201</postal>
							<country>United States</country>
						</cntaddr>
						<cntvoice>(803) 734-9494</cntvoice>
						<cntfax>(803) 734-7001</cntfax>
						<cntemail>scurryj@dnr.sc.gov</cntemail>
						<hours>8:30 am - 5:30 pm</hours>
						<cntinst>In addition to this contact, further information may be obtained from the South Carolina Department of Natural Resources GIS web pages at URL:  http://www.dnr.sc.gov/gis</cntinst>
					</cntinfo>
				</proccont>
			</procstep>
			<procstep>
				<procdesc>Attribute:  During the attributing phase of data development, feature attribute values are compared to a source map specific to the data layer. These maps include 1:24,000 USGS 7.5 minute topographic maps,USF&amp;WS NWI Wetlands maps, NRCS County Soil Survey maps, and General Highway maps. Edits are then executed based on comparisons of the digital data to these source maps.</procdesc>
				<proccont>
					<cntinfo>
						<cntorgp>
							<cntorg>South Carolina Department of Natural Resources</cntorg>
							<cntper>Mr. Jim Scurry</cntper>
						</cntorgp>
						<cntpos>Technology Development Program Director</cntpos>
						<cntaddr>
							<addrtype>mailing and physical address</addrtype>
							<address>1000 Assembly Street</address>
							<city>Columbia</city>
							<state>South Carolina</state>
							<postal>29201</postal>
							<country>United States</country>
						</cntaddr>
						<cntvoice>(803) 734-9494</cntvoice>
						<cntfax>(803) 734-7001</cntfax>
						<cntemail>scurryj@dnr.sc.gov</cntemail>
						<hours>8:30 am - 5:30 pm</hours>
						<cntinst>In addition to this contact, further information may be obtained from the South Carolina Department of Natural Resources GIS web pages at URL:  http://www.dnr.sc.gov/gis</cntinst>
					</cntinfo>
				</proccont>
			</procstep>
			<procstep>
				<procdesc>Quality Review - Phase I: During the 1st quality control and quality analysis phase, feature attribute values are examined internal to the coverage and across quad boundaries using custom AML's, frequencies, and visual checks in ArcEdit. Topological errors are corrected to insure a successful mapjoin at the end of this process step.</procdesc>
				<proccont>
					<cntinfo>
						<cntorgp>
							<cntorg>South Carolina Department of Natural Resources</cntorg>
							<cntper>Mr. Jim Scurry</cntper>
						</cntorgp>
						<cntpos>Technology Development Program Director</cntpos>
						<cntaddr>
							<addrtype>mailing and physical address</addrtype>
							<address>1000 Assembly Street</address>
							<city>Columbia</city>
							<state>South Carolina</state>
							<postal>29201</postal>
							<country>United States</country>
						</cntaddr>
						<cntvoice>(803) 734-9494</cntvoice>
						<cntfax>(803) 734-7001</cntfax>
						<cntemail>scurryj@dnr.sc.gov</cntemail>
						<hours>8:30 am - 5:30 pm</hours>
						<cntinst>In addition to this contact, further information may be obtained from the South Carolina Department of Natural Resources GIS web pages at URL:  http://www.dnr.sc.gov/gis</cntinst>
					</cntinfo>
				</proccont>
			</procstep>
			<procstep>
				<procdesc>Quality Review Secondary Phase:  During the 2nd quality control and quality analysis phase, feature attribute values are again examined internal to the coverage and across quad boundaries using custom AML's, frequencies, and visual checks in ArcEdit. These checks are performed by a second tier database developer. Topological errors are corrected to insure a successful mapjoin at the end of this process step.</procdesc>
				<proccont>
					<cntinfo>
						<cntorgp>
							<cntorg>South Carolina Department of Natural Resources</cntorg>
							<cntper>Mr. Jim Scurry</cntper>
						</cntorgp>
						<cntpos>Technology Development Program Director</cntpos>
						<cntaddr>
							<addrtype>mailing and physical address</addrtype>
							<address>1000 Assembly Street </address>
							<city>Columbia</city>
							<state>South Carolina</state>
							<postal>29201</postal>
							<country>United States</country>
						</cntaddr>
						<cntvoice>(803) 734-9494</cntvoice>
						<cntfax>(803) 734-7001</cntfax>
						<cntemail>scurryj@dnr.sc.gov</cntemail>
						<hours>8:30 am - 5:30 pm</hours>
						<cntinst>In addition to this contact, further information may be obtained from the South Carolina Department of Natural Resources GIS web pages at URL:  http://www.dnr.sc.gov/gis</cntinst>
					</cntinfo>
				</proccont>
			</procstep>
			<procstep>
				<procdesc>Quality Review - Final Phase:  The tertiary quality review process is the final QA phase and consists of thorough reviews of the data layer. These inspections are aimed at identifying any remaining errors and inconsistencies in the data. The process involves running a series of Arc/Info macros (AMLs), the first of which logs all errors and recommends corrections. The attributes of each feature (arc and polygon) are compared to a master attribute list and any discrepancies and omissions are logged. All features are then reattributed and then all quads are mapjoined and mismatches in attributes across quadrangle boundaries are identified, tagged, inspected and corrected if necessary. Frequencies are then run on items of the .aat and .pat (when necessary) to identify any remaining features which have not been attributed. Finally, random manual quadrangle spot checks are performed and corrections made when necessary. All coverages are then exported (COMPRESS=FULL) and placed on the public web server for dissemination.</procdesc>
				<proccont>
					<cntinfo>
						<cntorgp>
							<cntorg>South Carolina Department of Natural Resources</cntorg>
							<cntper>Mr. Jim Scurry </cntper>
						</cntorgp>
						<cntpos>Technology Development Program Director</cntpos>
						<cntaddr>
							<addrtype>mailing and physical address</addrtype>
							<address>1000 Assembly Street</address>
							<city>Columbia</city>
							<state>South Carolina</state>
							<postal>29201</postal>
							<country>United States</country>
						</cntaddr>
						<cntvoice>(803) 734-9494</cntvoice>
						<cntfax>(803) 734-7001</cntfax>
						<cntemail>scurryj@dnr.sc.gov</cntemail>
						<hours>8:30 am - 5:30 pm</hours>
						<cntinst>In addition to this contact, further information may be obtained from the South Carolina Department of Natural Resources GIS web pages at URL:  http://www.dnr.sc.gov/gis</cntinst>
					</cntinfo>
				</proccont>
			</procstep>
			<procstep><procdesc Sync="TRUE">Metadata imported.</procdesc><srcused Sync="TRUE">C:\DOCUME~1\GilliamH\LOCALS~1\Temp\xml5E9.tmp</srcused><date Sync="TRUE">20070815</date><time Sync="TRUE">10062100</time></procstep><procstep><procdesc Sync="TRUE">Dataset copied.</procdesc><srcused Sync="TRUE"></srcused><date Sync="TRUE">20070914</date><time Sync="TRUE">10180600</time></procstep><procstep><procdesc Sync="TRUE">Dataset copied.</procdesc><srcused Sync="TRUE"></srcused><date Sync="TRUE">20070917</date><time Sync="TRUE">17010600</time></procstep><procstep><procdesc Sync="TRUE">Dataset moved.</procdesc><srcused Sync="TRUE">C:\forest_service\sef_boundary</srcused><date Sync="TRUE">20070920</date><time Sync="TRUE">14412400</time></procstep><procstep><procdesc Sync="TRUE">Dataset moved.</procdesc><srcused Sync="TRUE">C:\forest_service\sef\data\layerfiles\sef_boundary</srcused><date Sync="TRUE">20070925</date><time Sync="TRUE">12131200</time></procstep></lineage>
	</dataqual>
	<spdoinfo>
		<direct>Vector</direct>
		<ptvctinf><esriterm Name="arc"><efeatyp Sync="TRUE">Simple</efeatyp><efeageom Sync="TRUE">Arc</efeageom><esritopo Sync="TRUE">FALSE</esritopo><efeacnt Sync="TRUE">7</efeacnt><spindex Sync="TRUE">FALSE</spindex><linrefer Sync="TRUE">FALSE</linrefer></esriterm><sdtsterm Name="arc"><sdtstype Sync="TRUE">Complete chain</sdtstype><ptvctcnt Sync="TRUE">7</ptvctcnt></sdtsterm><esriterm Name="label"><efeatyp Sync="TRUE">Simple</efeatyp><efeageom Sync="TRUE">Label</efeageom><esritopo Sync="TRUE">FALSE</esritopo><efeacnt Sync="TRUE">2</efeacnt><spindex Sync="TRUE">FALSE</spindex><linrefer Sync="TRUE">FALSE</linrefer></esriterm><sdtsterm Name="label"><sdtstype Sync="TRUE">Label point</sdtstype><ptvctcnt Sync="TRUE">2</ptvctcnt></sdtsterm><esriterm Name="polygon"><efeatyp Sync="TRUE">Simple</efeatyp><efeageom Sync="TRUE">Polygon</efeageom><esritopo Sync="TRUE">TRUE</esritopo><efeacnt Sync="TRUE">2</efeacnt><spindex Sync="TRUE">FALSE</spindex><linrefer Sync="TRUE">FALSE</linrefer></esriterm><sdtsterm Name="polygon"><sdtstype Sync="TRUE">GT-polygon composed of chains</sdtstype><ptvctcnt Sync="TRUE">2</ptvctcnt></sdtsterm><esriterm Name="tic"><efeatyp Sync="TRUE">Simple</efeatyp><efeageom Sync="TRUE">Tic</efeageom><esritopo Sync="TRUE">FALSE</esritopo><efeacnt Sync="TRUE">12</efeacnt><spindex Sync="TRUE">FALSE</spindex><linrefer Sync="TRUE">FALSE</linrefer></esriterm><sdtsterm Name="tic"><sdtstype Sync="TRUE">Point</sdtstype><ptvctcnt Sync="TRUE">12</ptvctcnt></sdtsterm></ptvctinf></spdoinfo>
	<eainfo>
		<overview>
			<eaover>
Entity_and_Attribute_Overview:
DLG3 attribute codes are used to describe the physical and cultural characteristics of DLG node, line, and area elements. Attribute codes are used to reduce redundant information, provide enough reference information to support integration with larger data base, and describe the relationships between cartographic elements. Each DLG element has one or more attribute codes composed of a three digit major code and a four-digit minor code. For example, with the 1: 24,000-scale DLG data, the line attribute code 050 0412 has a major code (050), meaning hydrography, with a minor code (0412) meaning stream.
</eaover>
			<eadetcit>
U.S. Department of the Interior, U.S. Geological Survey, 1987 Digital Line Graphs from 1:24,000-Scale Maps--Data Users Guide 1; Reston, Virginia

A hypertext extract is available at:
URL: http://edcwww.cr.usgs.gov/glis/hyper/guide/usgs_dlg

Softcopies in ASCII, WordPerfect, and PostScript format are available at:
URL: ftp://mapping.usgs.gov/pub/ti/DLG/

U.S.Department of the Interior, U.S.Geological Survey, 1990,
Standards for Digital Line Graphs, Reston, VA, 1994
Softcopies in ASCII, WordPerfect, and PostScript format are available at:
URL: ftp://mapping.usgs.gov/pub/ti/DLG/
</eadetcit>
		</overview>
		<detailed Name="bethe48for.aat"><enttyp><enttypl Sync="TRUE">bethe48for.aat</enttypl><enttypt Sync="TRUE">Feature Class</enttypt><enttypc Sync="TRUE">7</enttypc></enttyp><attr><attrlabl Sync="TRUE">FID</attrlabl><attalias Sync="TRUE">FID</attalias><attrtype Sync="TRUE">OID</attrtype><attwidth Sync="TRUE">4</attwidth><atprecis Sync="TRUE">0</atprecis><attscale Sync="TRUE">0</attscale><attrdef Sync="TRUE">Internal feature number.</attrdef><attrdefs Sync="TRUE">ESRI</attrdefs><attrdomv><udom Sync="TRUE">Sequential unique whole numbers that are automatically generated.</udom></attrdomv></attr><attr><attrlabl Sync="TRUE">Shape</attrlabl><attalias Sync="TRUE">Shape</attalias><attrtype Sync="TRUE">Geometry</attrtype><attwidth Sync="TRUE">0</attwidth><atprecis Sync="TRUE">0</atprecis><attscale Sync="TRUE">0</attscale><attrdef Sync="TRUE">Feature geometry.</attrdef><attrdefs Sync="TRUE">ESRI</attrdefs><attrdomv><udom Sync="TRUE">Coordinates defining the features.</udom></attrdomv></attr><attr><attrlabl Sync="TRUE">FNODE#</attrlabl><attwidth Sync="TRUE">4</attwidth><atoutwid Sync="TRUE">5</atoutwid><attrtype Sync="TRUE">Binary</attrtype><attrdef Sync="TRUE">Internal node number for the beginning of an arc (from-node).</attrdef><attrdefs Sync="TRUE">ESRI</attrdefs><attrdomv><udom Sync="TRUE">Whole numbers that are automatically generated.</udom></attrdomv></attr><attr><attrlabl Sync="TRUE">TNODE#</attrlabl><attwidth Sync="TRUE">4</attwidth><atoutwid Sync="TRUE">5</atoutwid><attrtype Sync="TRUE">Binary</attrtype><attrdef Sync="TRUE">Internal node number for the end of an arc (to-node).</attrdef><attrdefs Sync="TRUE">ESRI</attrdefs><attrdomv><udom Sync="TRUE">Whole numbers that are automatically generated.</udom></attrdomv></attr><attr><attrlabl Sync="TRUE">LPOLY#</attrlabl><attwidth Sync="TRUE">4</attwidth><atoutwid Sync="TRUE">5</atoutwid><attrtype Sync="TRUE">Binary</attrtype><attrdef Sync="TRUE">Internal node number for the left polygon.</attrdef><attrdefs Sync="TRUE">ESRI</attrdefs><attrdomv><udom Sync="TRUE">Whole numbers that are automatically generated.</udom></attrdomv></attr><attr><attrlabl Sync="TRUE">RPOLY#</attrlabl><attwidth Sync="TRUE">4</attwidth><atoutwid Sync="TRUE">5</atoutwid><attrtype Sync="TRUE">Binary</attrtype><attrdef Sync="TRUE">Internal node number for the right polygon.</attrdef><attrdefs Sync="TRUE">ESRI</attrdefs><attrdomv><udom Sync="TRUE">Whole numbers that are automatically generated.</udom></attrdomv></attr><attr><attrlabl Sync="TRUE">LENGTH</attrlabl><attwidth Sync="TRUE">8</attwidth><atoutwid Sync="TRUE">18</atoutwid><attrtype Sync="TRUE">Float</attrtype><atnumdec Sync="TRUE">5</atnumdec><attrdef Sync="TRUE">Length of feature in internal units.</attrdef><attrdefs Sync="TRUE">ESRI</attrdefs><attrdomv><udom Sync="TRUE">Positive real numbers that are automatically generated.</udom></attrdomv></attr><attr><attrlabl Sync="TRUE">BETHE48FOR#</attrlabl><attwidth Sync="TRUE">4</attwidth><atoutwid Sync="TRUE">5</atoutwid><attrtype Sync="TRUE">Binary</attrtype><attrdef Sync="TRUE">Internal feature number.</attrdef><attrdefs Sync="TRUE">ESRI</attrdefs><attrdomv><udom Sync="TRUE">Sequential unique whole numbers that are automatically generated.</udom></attrdomv></attr><attr><attrlabl Sync="TRUE">BETHE48FOR-ID</attrlabl><attwidth Sync="TRUE">4</attwidth><atoutwid Sync="TRUE">5</atoutwid><attrtype Sync="TRUE">Binary</attrtype><attrdef Sync="TRUE">User-defined feature number.</attrdef><attrdefs Sync="TRUE">ESRI</attrdefs></attr></detailed><detailed Name="bethe48for.pat"><enttyp><enttypl Sync="TRUE">bethe48for.pat</enttypl><enttypt Sync="TRUE">Feature Class</enttypt><enttypc Sync="TRUE">2</enttypc></enttyp><attr><attrlabl Sync="TRUE">FID</attrlabl><attalias Sync="TRUE">FID</attalias><attrtype Sync="TRUE">OID</attrtype><attwidth Sync="TRUE">4</attwidth><atprecis Sync="TRUE">0</atprecis><attscale Sync="TRUE">0</attscale><attrdef Sync="TRUE">Internal feature number.</attrdef><attrdefs Sync="TRUE">ESRI</attrdefs><attrdomv><udom Sync="TRUE">Sequential unique whole numbers that are automatically generated.</udom></attrdomv></attr><attr><attrlabl Sync="TRUE">Shape</attrlabl><attalias Sync="TRUE">Shape</attalias><attrtype Sync="TRUE">Geometry</attrtype><attwidth Sync="TRUE">0</attwidth><atprecis Sync="TRUE">0</atprecis><attscale Sync="TRUE">0</attscale><attrdef Sync="TRUE">Feature geometry.</attrdef><attrdefs Sync="TRUE">ESRI</attrdefs><attrdomv><udom Sync="TRUE">Coordinates defining the features.</udom></attrdomv></attr><attr><attrlabl Sync="TRUE">AREA</attrlabl><attwidth Sync="TRUE">8</attwidth><atoutwid Sync="TRUE">18</atoutwid><attrtype Sync="TRUE">Float</attrtype><atnumdec Sync="TRUE">5</atnumdec><attrdef Sync="TRUE">Area of feature in internal units squared.</attrdef><attrdefs Sync="TRUE">ESRI</attrdefs><attrdomv><udom Sync="TRUE">Positive real numbers that are automatically generated.</udom></attrdomv></attr><attr><attrlabl Sync="TRUE">PERIMETER</attrlabl><attwidth Sync="TRUE">8</attwidth><atoutwid Sync="TRUE">18</atoutwid><attrtype Sync="TRUE">Float</attrtype><atnumdec Sync="TRUE">5</atnumdec><attrdef Sync="TRUE">Perimeter of feature in internal units.</attrdef><attrdefs Sync="TRUE">ESRI</attrdefs><attrdomv><udom Sync="TRUE">Positive real numbers that are automatically generated.</udom></attrdomv></attr><attr><attrlabl Sync="TRUE">BETHE48FOR#</attrlabl><attwidth Sync="TRUE">4</attwidth><atoutwid Sync="TRUE">5</atoutwid><attrtype Sync="TRUE">Binary</attrtype><attrdef Sync="TRUE">Internal feature number.</attrdef><attrdefs Sync="TRUE">ESRI</attrdefs><attrdomv><udom Sync="TRUE">Sequential unique whole numbers that are automatically generated.</udom></attrdomv></attr><attr><attrlabl Sync="TRUE">BETHE48FOR-ID</attrlabl><attwidth Sync="TRUE">4</attwidth><atoutwid Sync="TRUE">5</atoutwid><attrtype Sync="TRUE">Binary</attrtype><attrdef Sync="TRUE">User-defined feature number.</attrdef><attrdefs Sync="TRUE">ESRI</attrdefs></attr><attr><attrlabl Sync="TRUE">FORMAJOR1</attrlabl><attwidth Sync="TRUE">6</attwidth><atoutwid Sync="TRUE">6</atoutwid><attrtype Sync="TRUE">Integer</attrtype></attr><attr><attrlabl Sync="TRUE">FORMINOR1</attrlabl><attwidth Sync="TRUE">6</attwidth><atoutwid Sync="TRUE">6</atoutwid><attrtype Sync="TRUE">Integer</attrtype></attr><attr><attrlabl Sync="TRUE">FORMAJOR2</attrlabl><attwidth Sync="TRUE">6</attwidth><atoutwid Sync="TRUE">6</atoutwid><attrtype Sync="TRUE">Integer</attrtype></attr><attr><attrlabl Sync="TRUE">FORMINOR2</attrlabl><attwidth Sync="TRUE">6</attwidth><atoutwid Sync="TRUE">6</atoutwid><attrtype Sync="TRUE">Integer</attrtype></attr><attr><attrlabl Sync="TRUE">FORMAJOR3</attrlabl><attwidth Sync="TRUE">6</attwidth><atoutwid Sync="TRUE">6</atoutwid><attrtype Sync="TRUE">Integer</attrtype></attr><attr><attrlabl Sync="TRUE">FORMINOR3</attrlabl><attwidth Sync="TRUE">6</attwidth><atoutwid Sync="TRUE">6</atoutwid><attrtype Sync="TRUE">Integer</attrtype></attr><attr><attrlabl Sync="TRUE">FORMAJOR4</attrlabl><attwidth Sync="TRUE">6</attwidth><atoutwid Sync="TRUE">6</atoutwid><attrtype Sync="TRUE">Integer</attrtype></attr><attr><attrlabl Sync="TRUE">FORMINOR4</attrlabl><attwidth Sync="TRUE">6</attwidth><atoutwid Sync="TRUE">6</atoutwid><attrtype Sync="TRUE">Integer</attrtype></attr><attr><attrlabl Sync="TRUE">FORNAME</attrlabl><attwidth Sync="TRUE">30</attwidth><atoutwid Sync="TRUE">30</atoutwid><attrtype Sync="TRUE">Character</attrtype></attr><attr><attrlabl Sync="TRUE">FORCTY</attrlabl><attwidth Sync="TRUE">25</attwidth><atoutwid Sync="TRUE">25</atoutwid><attrtype Sync="TRUE">Character</attrtype></attr></detailed></eainfo>
	<distinfo>
		<stdorder>
			<fees>No cost when downloaded from SCDNR website</fees>
			<ordering>Free-of-charge when downloaded from the South Carolina Department of Natural Resources GIS Data Clearinghouse</ordering>
			<digform><digtinfo><transize Sync="TRUE">0.031</transize><dssize Sync="TRUE">0.031</dssize></digtinfo></digform></stdorder>
		<custom>None.</custom>
		<techpreq>GIS or compatible software.</techpreq>
		<resdesc Sync="TRUE">Downloadable Data</resdesc></distinfo>
	<metainfo>
		<metd Sync="TRUE">20070815</metd>
		<metc>
			<cntinfo>
				<cntorgp>
					<cntorg>South Carolina Department of Natural Resources</cntorg>
					<cntper>Mr. Jim Scurry</cntper>
				</cntorgp>
				<cntpos>Technology Development Program</cntpos>
				<cntaddr>
					<addrtype>mailing and physical address</addrtype>
					<address>1000 Assembly Street</address>
					<city>Columbia</city>
					<state>South Carolina</state>
					<postal>29201</postal>
					<country>United States</country>
				</cntaddr>
				<cntvoice>(803) 734-9494</cntvoice>
				<cntfax>(803) 734-7001</cntfax>
				<cntemail>scurryj@dnr.sc.gov</cntemail>
				<hours>8:30 - 5:30 pm</hours>
			</cntinfo>
		</metc>
		<langmeta Sync="TRUE">en</langmeta><metstdn Sync="TRUE">FGDC Content Standards for Digital Geospatial Metadata</metstdn><metstdv Sync="TRUE">FGDC-STD-001-1998</metstdv><mettc Sync="TRUE">local time</mettc><metextns><onlink Sync="TRUE">http://www.esri.com/metadata/esriprof80.html</onlink><metprof Sync="TRUE">ESRI Metadata Profile</metprof></metextns></metainfo>
	<Esri>
		<ModDate>20070815</ModDate>
		<ModTime>13171400</ModTime>
		<CreaDate>20070917</CreaDate><CreaTime>17010600</CreaTime><SyncOnce>FALSE</SyncOnce><SyncDate>20070815</SyncDate><SyncTime>13171400</SyncTime><MetaID>{9C74D4B4-90D5-4701-95D7-1B750AB83837}</MetaID></Esri>
	<mdDateSt Sync="TRUE">20070815</mdDateSt>
	<dataIdInfo><envirDesc Sync="TRUE">Microsoft Windows XP Version 5.1 (Build 2600) Service Pack 2; ESRI ArcCatalog 9.2.2.1350</envirDesc><dataLang><languageCode Sync="TRUE" value="en"></languageCode></dataLang><idCitation><resTitle Sync="TRUE">bethe48for</resTitle><presForm><PresFormCd Sync="TRUE" value="005"></PresFormCd></presForm></idCitation><spatRpType><SpatRepTypCd Sync="TRUE" value="001"></SpatRepTypCd></spatRpType><dataExt><geoEle><GeoBndBox esriExtentType="native"><westBL Sync="TRUE">604800.65</westBL><eastBL Sync="TRUE">616611.24</eastBL><northBL Sync="TRUE">3679506.99</northBL><southBL Sync="TRUE">3665515.98</southBL><exTypeCode Sync="TRUE">1</exTypeCode></GeoBndBox></geoEle></dataExt><geoBox esriExtentType="decdegrees"><westBL Sync="TRUE">-79.876594</westBL><eastBL Sync="TRUE">-79.748223</eastBL><northBL Sync="TRUE">33.251193</northBL><southBL Sync="TRUE">33.123807</southBL><exTypeCode Sync="TRUE">1</exTypeCode></geoBox></dataIdInfo><mdLang><languageCode Sync="TRUE" value="en"></languageCode></mdLang><mdStanName Sync="TRUE">ISO 19115 Geographic Information - Metadata</mdStanName><mdStanVer Sync="TRUE">DIS_ESRI1.0</mdStanVer><mdChar><CharSetCd Sync="TRUE" value="004"></CharSetCd></mdChar><mdHrLv><ScopeCd Sync="TRUE" value="005"></ScopeCd></mdHrLv><mdHrLvName Sync="TRUE">dataset</mdHrLvName><distInfo><distributor><distorTran><onLineSrc><orDesc Sync="TRUE">002</orDesc><linkage Sync="TRUE">file://\\GEOL7QZ1JD1\C$\forest_service\sef\data\shapefiles\sef_boundary</linkage><protocol Sync="TRUE">Local Area Network</protocol></onLineSrc><transSize Sync="TRUE">0.031</transSize></distorTran><distorFormat><formatName Sync="TRUE">ArcInfo Coverage</formatName></distorFormat></distributor></distInfo><spref><horizsys><cordsysn><geogcsn Sync="TRUE">GCS_North_American_1927</geogcsn><projcsn Sync="TRUE">NAD_1927_UTM_Zone_17N</projcsn></cordsysn><planar><gridsys><gridsysn Sync="TRUE">Universal Transverse Mercator</gridsysn><utm><utmzone Sync="TRUE">17</utmzone><transmer><sfctrmer Sync="TRUE">0.999600</sfctrmer><longcm Sync="TRUE">-81.000000</longcm><latprjo Sync="TRUE">0.000000</latprjo><feast Sync="TRUE">500000.000000</feast><fnorth Sync="TRUE">0.000000</fnorth></transmer></utm></gridsys><planci><plance Sync="TRUE">coordinate pair</plance><plandu Sync="TRUE">meters</plandu><coordrep><absres Sync="TRUE">0.000000</absres><ordres Sync="TRUE">0.000000</ordres></coordrep></planci></planar><geodetic><horizdn Sync="TRUE">North American Datum of 1927</horizdn><ellips Sync="TRUE">Clarke 1866</ellips><semiaxis Sync="TRUE">6378206.400000</semiaxis><denflat Sync="TRUE">294.978698</denflat></geodetic></horizsys></spref><refSysInfo><RefSystem><refSysID><identCode Sync="TRUE">NAD_1927_UTM_Zone_17N</identCode></refSysID></RefSystem></refSysInfo><spatRepInfo><VectSpatRep><topLvl><TopoLevCd Sync="TRUE" value="004"></TopoLevCd></topLvl><geometObjs Name="arc"><geoObjTyp><GeoObjTypCd Sync="TRUE" value="003"></GeoObjTypCd></geoObjTyp><geoObjCnt Sync="TRUE">7</geoObjCnt></geometObjs><geometObjs Name="label"><geoObjTyp><GeoObjTypCd Sync="TRUE" value="004"></GeoObjTypCd></geoObjTyp><geoObjCnt Sync="TRUE">2</geoObjCnt></geometObjs><geometObjs Name="polygon"><geoObjTyp><GeoObjTypCd Sync="TRUE" value="002"></GeoObjTypCd></geoObjTyp><geoObjCnt Sync="TRUE">2</geoObjCnt></geometObjs><geometObjs Name="tic"><geoObjTyp><GeoObjTypCd Sync="TRUE" value="004"></GeoObjTypCd></geoObjTyp><geoObjCnt Sync="TRUE">12</geoObjCnt></geometObjs></VectSpatRep></spatRepInfo></metadata>
