<?xml version="1.0"?>
<!--<!DOCTYPE metadata SYSTEM "http://www.esri.com/metadata/esriprof80.dtd">-->
<metadata xml:lang="en"><Esri><CreaDate>20070919</CreaDate><CreaTime>17465200</CreaTime><SyncOnce>TRUE</SyncOnce><MetaID>{49777D49-B5FF-4F12-84FE-0AE83F070479}</MetaID><DataProperties><lineage><Process Name="Project_3" ToolSource="C:\Program Files\ArcGIS\ArcToolbox\Toolboxes\Data Management Tools.tbx\Project" Date="20070919" Time="174653">Project E:\Forest_Service_Data\harder\SEFstreams.shp E:\Forest_Service_Data\qaqc_data\sef_streams.shp PROJCS['NAD_1983_UTM_Zone_17N',GEOGCS['GCS_North_American_1983',DATUM['D_North_American_1983',SPHEROID['GRS_1980',6378137.0,298.257222101]],PRIMEM['Greenwich',0.0],UNIT['Degree',0.0174532925199433]],PROJECTION['Transverse_Mercator'],PARAMETER['False_Easting',500000.0],PARAMETER['False_Northing',0.0],PARAMETER['Central_Meridian',-81.0],PARAMETER['Scale_Factor',0.9996],PARAMETER['Latitude_Of_Origin',0.0],UNIT['Meter',1.0]] NAD_1927_To_NAD_1983_NADCON</Process></lineage></DataProperties></Esri><idinfo><citation><citeinfo><onlink Sync="TRUE">\\GEOL7QZ1JD1\C$\forest_service\sef\data\shapefiles\basic_data\sef_streams</onlink></citeinfo></citation></idinfo><distInfo><distributor><distorTran><onLineSrc><linkage Sync="TRUE">file://\\GEOL7QZ1JD1\C$\forest_service\sef\data\shapefiles\basic_data\sef_streams</linkage><protocol Sync="TRUE">Local Area Network</protocol></onLineSrc></distorTran></distributor></distInfo><dataqual><lineage><procstep><procdesc Sync="TRUE">Dataset copied.</procdesc><srcused Sync="TRUE">K:\chs\gis\library\santee\shapefiles\streams</srcused><date Sync="TRUE">20040913</date><time Sync="TRUE">14142300</time></procstep><procstep><procdesc Sync="TRUE">Dataset copied.</procdesc><srcused Sync="TRUE">C:\gis\streams_SEF</srcused><date Sync="TRUE">20050217</date><time Sync="TRUE">09335500</time></procstep><procstep><procdesc Sync="TRUE">Dataset copied.</procdesc><srcused Sync="TRUE">K:\chs\oa\projects\Santee\Harder_Santee\GISfiles\SEF\SEFstreams</srcused><date Sync="TRUE">20070917</date><time Sync="TRUE">12212500</time></procstep><procstep><procdesc Sync="TRUE">Dataset copied.</procdesc><srcused Sync="TRUE"></srcused><date Sync="TRUE">20070919</date><time Sync="TRUE">17465200</time></procstep><procstep><procdesc Sync="TRUE">Dataset moved.</procdesc><srcused Sync="TRUE">C:\forest_service\sef\transfer\qaqc_data\sef_streams</srcused><date Sync="TRUE">20070927</date><time Sync="TRUE">10525200</time></procstep><procstep><procdesc Sync="TRUE">Dataset moved.</procdesc><srcused Sync="TRUE">C:\forest_service\sef\data\shapefiles\sef_streams</srcused><date Sync="TRUE">20071023</date><time Sync="TRUE">11211300</time></procstep></lineage></dataqual></metadata>
