<?xml version="1.0"?>
<!--<!DOCTYPE metadata SYSTEM "http://www.esri.com/metadata/esriprof80.dtd">-->
<metadata xml:lang="en"><Esri><CreaDate>20070920</CreaDate><CreaTime>15293700</CreaTime><SyncOnce>TRUE</SyncOnce><MetaID>{083525F2-FBEC-4519-9147-765F33F6BCB3}</MetaID></Esri><idinfo><citation><citeinfo><onlink Sync="TRUE">\\GEOL7QZ1JD1\C$\forest_service\sef\data\shapefiles\basic_data\the_clipper</onlink></citeinfo></citation></idinfo><distInfo><distributor><distorTran><onLineSrc><linkage Sync="TRUE">file://\\GEOL7QZ1JD1\C$\forest_service\sef\data\shapefiles\basic_data\the_clipper</linkage><protocol Sync="TRUE">Local Area Network</protocol></onLineSrc></distorTran></distributor></distInfo><dataqual><lineage><procstep><procdesc Sync="TRUE">Dataset copied.</procdesc><srcused Sync="TRUE">J:\Forest_Service_Data\the_clipper</srcused><date Sync="TRUE">20070920</date><time Sync="TRUE">15293700</time></procstep><procstep><procdesc Sync="TRUE">Dataset moved.</procdesc><srcused Sync="TRUE">C:\forest_service\sef\transfer\qaqc_data\the_clipper</srcused><date Sync="TRUE">20070927</date><time Sync="TRUE">10525900</time></procstep><procstep><procdesc Sync="TRUE">Dataset moved.</procdesc><srcused Sync="TRUE">C:\forest_service\sef\data\shapefiles\the_clipper</srcused><date Sync="TRUE">20071023</date><time Sync="TRUE">11212700</time></procstep></lineage></dataqual></metadata>
